{"cameraMode":{"drawMode":0,"name":"Shaded","section":"Shading Mode"},"sceneLighting":false,"audioPlay":false,"sceneViewState":{"m_AlwaysRefresh":false,"showFog":true,"showSkybox":false,"showFlares":true,"showImageEffects":true,"showParticleSystems":true,"showVisualEffectGraphs":true,"m_FxEnabled":true},"in2DMode":false,"pivot":{"x":-0.41559460759162905,"y":7.196075439453125,"z":-39.75920486450195},"rotation":{"x":-0.21726548671722413,"y":0.004988715518265963,"z":-0.0011892336187884212,"w":-0.9761987924575806},"size":3.084785223007202,"orthographic":false}